"エリア番号","エリア","地域番号","地域","番号","名前","カラー区分","ファイル名","フォルダ名"
"01","北海道","01","北海道","01","牛","","01_北海道_01_北海道_01_牛.jpg","01hokkaido"
"01","北海道","01","北海道","02","ひぐま","","01_北海道_01_北海道_02_ひぐま.jpg","01hokkaido"
"01","北海道","01","北海道","03","とうきび","","01_北海道_01_北海道_03_とうきび.jpg","01hokkaido"
"01","北海道","01","北海道","04","クリオネ","","01_北海道_01_北海道_04_クリオネ.jpg","01hokkaido"
"01","北海道","01","北海道","05","ラベンダー","","01_北海道_01_北海道_05_ラベンダー.jpg","01hokkaido"
"01","北海道","01","北海道","06","まりも","","01_北海道_01_北海道_06_まりも.jpg","01hokkaido"
"01","北海道","01","北海道","07","クリオネ","_ピンク","01_北海道_01_北海道_07_クリオネ__ピンク.jpg","01hokkaido"
"01","北海道","01","北海道","08","メロン","","01_北海道_01_北海道_08_メロン.jpg","01hokkaido"
"01","北海道","01","北海道","09","ジンギスカン","","01_北海道_01_北海道_09_ジンギスカン.jpg","01hokkaido"
"01","北海道","01","北海道","10","かに","","01_北海道_01_北海道_10_かに.jpg","01hokkaido"
"01","北海道","01","北海道","11","函館","","01_北海道_01_北海道_11_函館.jpg","01hokkaido"
"01","北海道","01","北海道","12","キタキツネ","","01_北海道_01_北海道_12_キタキツネ.jpg","01hokkaido"
"01","北海道","01","北海道","13","シロクマ","","01_北海道_01_北海道_13_シロクマ.jpg","01hokkaido"
"01","北海道","01","北海道","14","地図","総柄","01_北海道_01_北海道_14_地図_総柄.jpg","01hokkaido"
"01","北海道","01","北海道","15","クリオネ","総柄","01_北海道_01_北海道_15_クリオネ_総柄.jpg","01hokkaido"
"01","北海道","01","北海道","16","函館夜景","総柄","01_北海道_01_北海道_16_函館夜景_総柄.jpg","01hokkaido"
"01","北海道","01","北海道","17","雪うさぎ","","01_北海道_01_北海道_17_雪うさぎ.jpg","01hokkaido"
"01","北海道","01","北海道","18","雪うさぎ","LL","01_北海道_01_北海道_18_雪うさぎ_LL.jpg","01hokkaido"
"01","北海道","01","北海道","19","ナキウサギ","","01_北海道_01_北海道_19_ナキウサギ.jpg","01hokkaido"
"01","北海道","01","北海道","20","豚丼","","01_北海道_01_北海道_20_豚丼.jpg","01hokkaido"
"01","北海道","01","北海道","21","ラーメン","","01_北海道_01_北海道_21_ラーメン.jpg","01hokkaido"
"01","北海道","01","北海道","22","流氷","","01_北海道_01_北海道_22_流氷.jpg","01hokkaido"
"01","北海道","01","北海道","23","いくら","","01_北海道_01_北海道_23_いくら.jpg","01hokkaido"
"01","北海道","01","北海道","24","ほたて","","01_北海道_01_北海道_24_ほたて.jpg","01hokkaido"
"01","北海道","01","北海道","25","ししゃも","","01_北海道_01_北海道_25_ししゃも.jpg","01hokkaido"
"01","北海道","01","北海道","26","じゃがいも","","01_北海道_01_北海道_26_じゃがいも.jpg","01hokkaido"
"01","北海道","01","北海道","27","シマエナガ","","01_北海道_01_北海道_27_シマエナガ.jpg","01hokkaido"
"01","北海道","01","北海道","28","しゃけ","","01_北海道_01_北海道_28_しゃけ.jpg","01hokkaido"
"01","北海道","01","北海道","29","クラーク","","01_北海道_01_北海道_29_クラーク.jpg","01hokkaido"
"01","北海道","01","北海道","30","丹頂鶴","","01_北海道_01_北海道_30_丹頂鶴.jpg","01hokkaido"
"01","北海道","01","北海道","31","ウニ","","01_北海道_01_北海道_31_ウニ.jpg","01hokkaido"
"01","北海道","01","北海道","32","ホルスタイン","","01_北海道_01_北海道_32_ホルスタイン.jpg","01hokkaido"
"01","北海道","01","北海道","33","登別鬼","赤","01_北海道_01_北海道_33_登別鬼_赤.jpg","01hokkaido"
"01","北海道","01","北海道","34","チーズ","","01_北海道_01_北海道_34_チーズ.jpg","01hokkaido"
"01","北海道","01","北海道","35","ザンギ","","01_北海道_01_北海道_35_ザンギ.jpg","01hokkaido"
"01","北海道","01","北海道","36","シマエナガ","総柄","01_北海道_01_北海道_36_シマエナガ_総柄.jpg","01hokkaido"
"01","北海道","01","北海道","37","ビール","","01_北海道_01_北海道_37_ビール.jpg","01hokkaido"
"01","北海道","01","北海道","38","エゾリス","","01_北海道_01_北海道_38_エゾリス.jpg","01hokkaido"
"01","北海道","01","北海道","39","エゾ","","01_北海道_01_北海道_39_エゾ.jpg","01hokkaido"
"01","北海道","01","北海道","40","アスパラガス","","01_北海道_01_北海道_40_アスパラガス.jpg","01hokkaido"
"01","北海道","01","北海道","41","あずき","","01_北海道_01_北海道_41_あずき.jpg","01hokkaido"
"01","北海道","01","北海道","42","クリオネN","","01_北海道_01_北海道_42_クリオネN.jpg","01hokkaido"
"01","北海道","01","北海道","43","クリオネ_ピンクN","ピンクN","01_北海道_01_北海道_43_クリオネ_ピンクN.jpg","01hokkaido"
"01","北海道","01","北海道","44","狸小路","","01_北海道_01_北海道_44_狸小路.jpg","01hokkaido"
"01","北海道","02","美瑛","01","青い池","","01_北海道_02_美瑛_01_青い池.jpg","01hokkaido"
"01","北海道","03","函館山","01","夜景","","01_北海道_03_函館山_01_夜景.jpg","01hokkaido"
"01","北海道","03","函館山","02","イカ","","01_北海道_03_函館山_02_イカ.jpg","01hokkaido"
"01","北海道","03","函館山","03","ロープウェイ","","01_北海道_03_函館山_03_ロープウェイ.jpg","01hokkaido"
"02","東北","01","東北","01","こけし","","02_東北_01_東北_01_こけし.jpg","02tohoku"
"02","東北","02","青森","01","リンゴ","","02_東北_02_青森_01_リンゴ.jpg","02tohoku"
"02","東北","02","青森","02","マグロ","","02_東北_02_青森_02_マグロ.jpg","02tohoku"
"02","東北","02","青森","03","はねと","","02_東北_02_青森_03_はねと.jpg","02tohoku"
"02","東北","02","青森","04","にんにく","","02_東北_02_青森_04_にんにく.jpg","02tohoku"
"02","東北","03","岩手","01","わんこそば","総柄","02_東北_03_岩手_01_わんこそば_総柄.jpg","02tohoku"
"02","東北","03","岩手","02","カッパ","","02_東北_03_岩手_02_カッパ.jpg","02tohoku"
"02","東北","03","岩手","03","南部鉄器","","02_東北_03_岩手_03_南部鉄器.jpg","02tohoku"
"02","東北","03","岩手","04","わんこそば","","02_東北_03_岩手_04_わんこそば.jpg","02tohoku"
"02","東北","04","宮城","01","伊達政宗","ピンク","02_東北_04_宮城_01_伊達政宗_ピンク.jpg","02tohoku"
"02","東北","04","宮城","02","伊達政宗","ブルー","02_東北_04_宮城_02_伊達政宗_ブルー.jpg","02tohoku"
"02","東北","04","宮城","03","牛たん","","02_東北_04_宮城_03_牛たん.jpg","02tohoku"
"02","東北","04","宮城","04","伊達政宗","兜_総柄","02_東北_04_宮城_04_伊達政宗_兜_総柄.jpg","02tohoku"
"02","東北","04","宮城","05","笹かま","総柄","02_東北_04_宮城_05_笹かま_総柄.jpg","02tohoku"
"02","東北","04","宮城","06","ずんだ","","02_東北_04_宮城_06_ずんだ.jpg","02tohoku"
"02","東北","04","宮城","07","伊達政宗","クロ","02_東北_04_宮城_07_伊達政宗_クロ.jpg","02tohoku"
"02","東北","04","宮城","08","仙台七夕","","02_東北_04_宮城_08_仙台七夕.jpg","02tohoku"
"02","東北","04","宮城","09","牛たん","","02_東北_04_宮城_09_牛たん.jpg","02tohoku"
"02","東北","04","宮城","10","ほや","","02_東北_04_宮城_10_ほや.jpg","02tohoku"
"02","東北","04","宮城","11","ずんだ餅","","02_東北_04_宮城_11_ずんだ餅.jpg","02tohoku"
"02","東北","04","宮城","12","騎馬像","総柄","02_東北_04_宮城_12_騎馬像_総柄.jpg","02tohoku"
"02","東北","05","秋田","01","なまはげ","レッド","02_東北_05_秋田_01_なまはげ_レッド.jpg","02tohoku"
"02","東北","05","秋田","02","なまはげ","ブルー","02_東北_05_秋田_02_なまはげ_ブルー.jpg","02tohoku"
"02","東北","05","秋田","03","きりたんぽ","","02_東北_05_秋田_03_きりたんぽ.jpg","02tohoku"
"02","東北","05","秋田","04","秋田犬","","02_東北_05_秋田_04_秋田犬.jpg","02tohoku"
"02","東北","05","秋田","05","なまはげ","総柄_L","02_東北_05_秋田_05_なまはげ_総柄_L.jpg","02tohoku"
"02","東北","05","秋田","06","なまはげ","総柄","02_東北_05_秋田_06_なまはげ_総柄.jpg","02tohoku"
"02","東北","05","秋田","07","秋田犬","総柄_L","02_東北_05_秋田_07_秋田犬_総柄_L.jpg","02tohoku"
"02","東北","05","秋田","08","秋田犬","総柄","02_東北_05_秋田_08_秋田犬_総柄.jpg","02tohoku"
"02","東北","05","秋田","09","秋田美人","","02_東北_05_秋田_09_秋田美人.jpg","02tohoku"
"02","東北","05","秋田","10","比内地鶏","","02_東北_05_秋田_10_比内地鶏.jpg","02tohoku"
"02","東北","06","山形","01","さくらんぼ","","02_東北_06_山形_01_さくらんぼ.jpg","02tohoku"
"02","東北","06","山形","02","ラフランス","","02_東北_06_山形_02_ラフランス.jpg","02tohoku"
"02","東北","07","福島","01","桃","","02_東北_07_福島_01_桃.jpg","02tohoku"
"02","東北","07","福島","02","赤べこ","","02_東北_07_福島_02_赤べこ.jpg","02tohoku"
"02","東北","07","福島","03","白虎隊","","02_東北_07_福島_03_白虎隊.jpg","02tohoku"
"02","東北","07","福島","04","赤べこ","総柄","02_東北_07_福島_04_赤べこ_総柄.jpg","02tohoku"
"02","東北","07","福島","05","おきあがりこぼし","","02_東北_07_福島_05_おきあがりこぼし.jpg","02tohoku"
"02","東北","07","福島","06","喜多方ラーメン","","02_東北_07_福島_06_喜多方ラーメン.jpg","02tohoku"
"02","東北","07","福島","07","蒲生氏郷","","02_東北_07_福島_07_蒲生氏郷.jpg","02tohoku"
"02","東北","07","福島","08","野口英世","","02_東北_07_福島_08_野口英世.jpg","02tohoku"
"02","東北","07","福島","09","大内宿","","02_東北_07_福島_09_大内宿.jpg","02tohoku"
"02","東北","07","福島","10","鶴ヶ城","","02_東北_07_福島_10_鶴ヶ城.jpg","02tohoku"
"02","東北","07","福島","11","ソースカツ丼","","02_東北_07_福島_11_ソースカツ丼.jpg","02tohoku"
"02","東北","07","福島","12","磐梯山","","02_東北_07_福島_12_磐梯山.jpg","02tohoku"
"02","東北","07","福島","13","赤べこ","黒","02_東北_07_福島_13_赤べこ_黒.jpg","02tohoku"
"02","東北","07","福島","14","赤べこ_金","","02_東北_07_福島_14_赤べこ_金.jpg","02tohoku"
"02","東北","07","福島","15","ハワイアン","","02_東北_07_福島_15_ハワイアン.jpg","02tohoku"
"03","関東","01","茨城","01","水戸黄門","","03_関東_01_茨城_01_水戸黄門.jpg","03kanto"
"03","関東","01","茨城","02","水戸納豆","","03_関東_01_茨城_02_水戸納豆.jpg","03kanto"
"03","関東","01","茨城","03","あんこう","","03_関東_01_茨城_03_あんこう.jpg","03kanto"
"03","関東","01","茨城","04","かえる","","03_関東_01_茨城_04_かえる.jpg","03kanto"
"03","関東","01","茨城","05","コキア","","03_関東_01_茨城_05_コキア.jpg","03kanto"
"03","関東","01","茨城","06","ネモフィラ","","03_関東_01_茨城_06_ネモフィラ.jpg","03kanto"
"03","関東","01","茨城","07","メロン","","03_関東_01_茨城_07_メロン.jpg","03kanto"
"03","関東","02","栃木","01","いちご","","03_関東_02_栃木_01_いちご.jpg","03kanto"
"03","関東","02","栃木","02","おさる","","03_関東_02_栃木_02_おさる.jpg","03kanto"
"03","関東","02","栃木","03","スカイベリー","総柄","03_関東_02_栃木_03_スカイベリー_総柄.jpg","03kanto"
"03","関東","02","栃木","04","アルパカ","総柄","03_関東_02_栃木_04_アルパカ_総柄.jpg","03kanto"
"03","関東","02","栃木","05","おさる","総柄","03_関東_02_栃木_05_おさる_総柄.jpg","03kanto"
"03","関東","02","栃木","06","餃子","総柄","03_関東_02_栃木_06_餃子_総柄.jpg","03kanto"
"03","関東","02","栃木","07","餃子","","03_関東_02_栃木_07_餃子.jpg","03kanto"
"03","関東","02","栃木","08","アルパカ","","03_関東_02_栃木_08_アルパカ.jpg","03kanto"
"03","関東","02","栃木","09","いもフライ","","03_関東_02_栃木_09_いもフライ.jpg","03kanto"
"03","関東","02","栃木","10","レモン牛乳","総柄","03_関東_02_栃木_10_レモン牛乳_総柄.jpg","03kanto"
"03","関東","02","栃木","11","イワシカ","吽","03_関東_02_栃木_11_イワシカ_吽.jpg","03kanto"
"03","関東","02","栃木","12","イワシカ","阿","03_関東_02_栃木_12_イワシカ_阿.jpg","03kanto"
"03","関東","02","栃木","13","おさる","","03_関東_02_栃木_13_おさる.jpg","03kanto"
"03","関東","02","栃木","14","スカイベリー","","03_関東_02_栃木_14_スカイベリー.jpg","03kanto"
"03","関東","02","栃木","15","佐野ラーメン","","03_関東_02_栃木_15_佐野ラーメン.jpg","03kanto"
"03","関東","03","あしかがフラワーパーク","01","藤","","03_関東_03_あしかがフラワーパーク_01_藤.jpg","03kanto"
"03","関東","04","群馬","01","だるま","","03_関東_04_群馬_01_だるま.jpg","03kanto"
"03","関東","04","群馬","02","温泉まんじゅう","","03_関東_04_群馬_02_温泉まんじゅう.jpg","03kanto"
"03","関東","04","群馬","03","こんにゃく","","03_関東_04_群馬_03_こんにゃく.jpg","03kanto"
"03","関東","04","群馬","04","だるま","総柄","03_関東_04_群馬_04_だるま_総柄.jpg","03kanto"
"03","関東","04","群馬","05","ぐんまちゃん","総柄","03_関東_04_群馬_05_ぐんまちゃん_総柄.jpg","03kanto"
"03","関東","04","群馬","06","温泉","","03_関東_04_群馬_06_温泉.jpg","03kanto"
"03","関東","04","群馬","07","だるま","","03_関東_04_群馬_07_だるま.jpg","03kanto"
"03","関東","04","群馬","08","草津温泉","","03_関東_04_群馬_08_草津温泉.jpg","03kanto"
"03","関東","05","荻野屋","01","峠の釜めし","","03_関東_05_荻野屋_01_峠の釜めし.jpg","03kanto"
"03","関東","06","埼玉","01","さつまいも","","03_関東_06_埼玉_01_さつまいも.jpg","03kanto"
"03","関東","06","埼玉","02","深谷ねぎ","","03_関東_06_埼玉_02_深谷ねぎ.jpg","03kanto"
"03","関東","06","埼玉","03","草加せんべい","","03_関東_06_埼玉_03_草加せんべい.jpg","03kanto"
"03","関東","06","埼玉","04","夜祭","","03_関東_06_埼玉_04_夜祭.jpg","03kanto"
"03","関東","07","千葉","01","落花生","","03_関東_07_千葉_01_落花生.jpg","03kanto"
"03","関東","07","千葉","02","びわ","","03_関東_07_千葉_02_びわ.jpg","03kanto"
"03","関東","08","東京","01","雷門","","03_関東_08_東京_01_雷門.jpg","03kanto"
"03","関東","08","東京","02","パンダ","","03_関東_08_東京_02_パンダ.jpg","03kanto"
"03","関東","08","東京","03","バナナ","","03_関東_08_東京_03_バナナ.jpg","03kanto"
"03","関東","08","東京","04","バナナ","総柄","03_関東_08_東京_04_バナナ_総柄.jpg","03kanto"
"03","関東","08","東京","05","東京タワー","総柄","03_関東_08_東京_05_東京タワー_総柄.jpg","03kanto"
"03","関東","08","東京","06","パンダ","総柄","03_関東_08_東京_06_パンダ_総柄.jpg","03kanto"
"03","関東","08","東京","07","レインボーブリッジ","","03_関東_08_東京_07_レインボーブリッジ.jpg","03kanto"
"03","関東","08","東京","08","ハチ","","03_関東_08_東京_08_ハチ.jpg","03kanto"
"03","関東","08","東京","09","お相撲","","03_関東_08_東京_09_お相撲.jpg","03kanto"
"03","関東","08","東京","10","東京","羽田空港2","03_関東_08_東京_10_東京_羽田空港2.jpg","03kanto"
"03","関東","08","東京","11","東京","羽田空港1","03_関東_08_東京_11_東京_羽田空港1.jpg","03kanto"
"03","関東","09","よみうりランド","01","よみうりランド","","03_関東_09_よみうりランド_01_よみうりランド.jpg","03kanto"
"03","関東","10","横浜","01","中華街","","03_関東_10_横浜_01_中華街.jpg","03kanto"
"03","関東","10","横浜","02","よこはま","","03_関東_10_横浜_02_よこはま.jpg","03kanto"
"03","関東","10","横浜","03","みなとみらい","","03_関東_10_横浜_03_みなとみらい.jpg","03kanto"
"03","関東","10","横浜","04","よこはま","総柄","03_関東_10_横浜_04_よこはま_総柄.jpg","03kanto"
"03","関東","10","横浜","05","パンダ","総柄","03_関東_10_横浜_05_パンダ_総柄.jpg","03kanto"
"03","関東","10","横浜","06","赤い靴","","03_関東_10_横浜_06_赤い靴.jpg","03kanto"
"03","関東","10","横浜","07","金の豚","","03_関東_10_横浜_07_金の豚.jpg","03kanto"
"03","関東","10","横浜","08","パンダ","","03_関東_10_横浜_08_パンダ.jpg","03kanto"
"03","関東","10","横浜","09","横浜DeNAベイスターズ","ブルー","03_関東_10_横浜_09_横浜DeNAベイスターズ_ブルー.jpg","03kanto"
"03","関東","10","横浜","10","横浜DeNAベイスターズ","ホワイト","03_関東_10_横浜_10_横浜DeNAベイスターズ_ホワイト.jpg","03kanto"
"03","関東","11","湘南","01","しらす","","03_関東_11_湘南_01_しらす.jpg","03kanto"
"03","関東","11","湘南","02","サーフィン","","03_関東_11_湘南_02_サーフィン.jpg","03kanto"
"03","関東","12","鎌倉","01","あじさい","","03_関東_12_鎌倉_01_あじさい.jpg","03kanto"
"03","関東","12","鎌倉","02","大仏","","03_関東_12_鎌倉_02_大仏.jpg","03kanto"
"03","関東","13","江ノ島","01","灯台","","03_関東_13_江ノ島_01_灯台.jpg","03kanto"
"03","関東","14","伊豆・箱根","01","温泉たまご","","03_関東_14_伊豆・箱根_01_温泉たまご.jpg","03kanto"
"03","関東","14","伊豆・箱根","02","温泉まんじゅう","総柄","03_関東_14_伊豆・箱根_02_温泉まんじゅう_総柄.jpg","03kanto"
"03","関東","14","伊豆・箱根","03","温泉まんじゅう","","03_関東_14_伊豆・箱根_03_温泉まんじゅう.jpg","03kanto"
"03","関東","15","伊豆","01","踊子","","03_関東_15_伊豆_01_踊子.jpg","03kanto"
"03","関東","16","箱根","01","黒たまご","","03_関東_16_箱根_01_黒たまご.jpg","03kanto"
"03","関東","16","箱根","02","温泉まんじゅう","","03_関東_16_箱根_02_温泉まんじゅう.jpg","03kanto"
"03","関東","16","箱根","03","寄木細工","","03_関東_16_箱根_03_寄木細工.jpg","03kanto"
"03","関東","17","神奈川","01","江ノ電","","03_関東_17_神奈川_01_江ノ電.jpg","03kanto"
"03","関東","17","神奈川","02","かまぼこ","","03_関東_17_神奈川_02_かまぼこ.jpg","03kanto"
"03","関東","17","神奈川","03","小田原城","","03_関東_17_神奈川_03_小田原城.jpg","03kanto"
"03","関東","18","海老名","01","えび〜にゃ","総柄","03_関東_18_海老名_01_えび〜にゃ_総柄.jpg","03kanto"
"04","中部","01","新潟","01","笹団子","","04_中部_01_新潟_01_笹団子.jpg","04chubu"
"04","中部","01","新潟","02","トキ","","04_中部_01_新潟_02_トキ.jpg","04chubu"
"04","中部","01","新潟","03","柿の種","","04_中部_01_新潟_03_柿の種.jpg","04chubu"
"04","中部","01","新潟","04","お米","総柄","04_中部_01_新潟_04_お米_総柄.jpg","04chubu"
"04","中部","01","新潟","05","トキ","総柄","04_中部_01_新潟_05_トキ_総柄.jpg","04chubu"
"04","中部","01","新潟","06","日本酒","","04_中部_01_新潟_06_日本酒.jpg","04chubu"
"04","中部","01","新潟","07","たらい舟","","04_中部_01_新潟_07_たらい舟.jpg","04chubu"
"04","中部","01","新潟","08","お米","","04_中部_01_新潟_08_お米.jpg","04chubu"
"04","中部","02","富山","01","ホタルイカ","","04_中部_02_富山_01_ホタルイカ.jpg","04chubu"
"04","中部","02","富山","02","白エビ","","04_中部_02_富山_02_白エビ.jpg","04chubu"
"04","中部","02","富山","03","富山ブラック","","04_中部_02_富山_03_富山ブラック.jpg","04chubu"
"04","中部","02","富山","04","ホタルイカ","総柄","04_中部_02_富山_04_ホタルイカ_総柄.jpg","04chubu"
"04","中部","02","富山","05","薬売り","","04_中部_02_富山_05_薬売り.jpg","04chubu"
"04","中部","03","石川","01","温泉","","04_中部_03_石川_01_温泉.jpg","04chubu"
"04","中部","03","石川","02","金箔","","04_中部_03_石川_02_金箔.jpg","04chubu"
"04","中部","03","石川","03","金沢カレー","","04_中部_03_石川_03_金沢カレー.jpg","04chubu"
"04","中部","04","北陸","01","カニ","総柄","04_中部_04_北陸_01_カニ_総柄.jpg","04chubu"
"04","中部","05","福井","01","ぬいぐるみ恐竜","","04_中部_05_福井_01_ぬいぐるみ恐竜.jpg","04chubu"
"04","中部","05","福井","02","ぬいぐるみカニ","","04_中部_05_福井_02_ぬいぐるみカニ.jpg","04chubu"
"04","中部","05","福井","03","メガネ","","04_中部_05_福井_03_メガネ.jpg","04chubu"
"04","中部","06","山梨","01","ぶどう","","04_中部_06_山梨_01_ぶどう.jpg","04chubu"
"04","中部","06","山梨","02","桃","","04_中部_06_山梨_02_桃.jpg","04chubu"
"04","中部","06","山梨","03","シャインマスカット","","04_中部_06_山梨_03_シャインマスカット.jpg","04chubu"
"04","中部","06","山梨","04","ほうとう","","04_中部_06_山梨_04_ほうとう.jpg","04chubu"
"04","中部","06","山梨","05","武田信玄","","04_中部_06_山梨_05_武田信玄.jpg","04chubu"
"04","中部","06","山梨","06","ワイン","","04_中部_06_山梨_06_ワイン.jpg","04chubu"
"04","中部","07","信州","01","りんご","","04_中部_07_信州_01_りんご.jpg","04chubu"
"04","中部","07","信州","02","おこじょ","","04_中部_07_信州_02_おこじょ.jpg","04chubu"
"04","中部","07","信州","03","わさび","","04_中部_07_信州_03_わさび.jpg","04chubu"
"04","中部","07","信州","04","真田幸村","","04_中部_07_信州_04_真田幸村.jpg","04chubu"
"04","中部","07","信州","05","リンゴ総柄","","04_中部_07_信州_05_リンゴ総柄.jpg","04chubu"
"04","中部","07","信州","06","わさび","総柄","04_中部_07_信州_06_わさび_総柄.jpg","04chubu"
"04","中部","07","信州","07","リンゴ2","総柄","04_中部_07_信州_07_リンゴ2_総柄.jpg","04chubu"
"04","中部","07","信州","08","わさび2","総柄","04_中部_07_信州_08_わさび2_総柄.jpg","04chubu"
"04","中部","07","信州","09","りんご","L","04_中部_07_信州_09_りんご_L.jpg","04chubu"
"04","中部","07","信州","10","りんご","","04_中部_07_信州_10_りんご.jpg","04chubu"
"04","中部","07","信州","11","わさび","","04_中部_07_信州_11_わさび.jpg","04chubu"
"04","中部","07","信州","12","松本城","","04_中部_07_信州_12_松本城.jpg","04chubu"
"04","中部","07","信州","13","アルクマ","総柄","04_中部_07_信州_13_アルクマ_総柄.jpg","04chubu"
"04","中部","07","信州","14","信州の牛","","04_中部_07_信州_14_信州の牛.jpg","04chubu"
"04","中部","07","信州","15","漆塗り","","04_中部_07_信州_15_漆塗り.jpg","04chubu"
"04","中部","07","信州","16","そば","","04_中部_07_信州_16_そば.jpg","04chubu"
"04","中部","07","信州","17","かっぱ","","04_中部_07_信州_17_かっぱ.jpg","04chubu"
"04","中部","07","信州","18","山賊焼き","","04_中部_07_信州_18_山賊焼き.jpg","04chubu"
"04","中部","07","信州","19","おやき","","04_中部_07_信州_19_おやき.jpg","04chubu"
"04","中部","08","軽井沢","01","麦わら帽子","","04_中部_08_軽井沢_01_麦わら帽子.jpg","04chubu"
"04","中部","09","諏訪湖","01","花火","","04_中部_09_諏訪湖_01_花火.jpg","04chubu"
"04","中部","10","善光寺","01","善光寺","","04_中部_10_善光寺_01_善光寺.jpg","04chubu"
"04","中部","11","飛騨","01","さるぼぼ","","04_中部_11_飛騨_01_さるぼぼ.jpg","04chubu"
"04","中部","11","飛騨","02","飛騨牛","","04_中部_11_飛騨_02_飛騨牛.jpg","04chubu"
"04","中部","11","飛騨","03","さるぼぼ","青","04_中部_11_飛騨_03_さるぼぼ_青.jpg","04chubu"
"04","中部","11","飛騨","04","さるぼぼ","黄","04_中部_11_飛騨_04_さるぼぼ_黄.jpg","04chubu"
"04","中部","11","飛騨","05","合掌","来夢","04_中部_11_飛騨_05_合掌_来夢.jpg","04chubu"
"04","中部","11","飛騨","06","合掌","ブラウン","04_中部_11_飛騨_06_合掌_ブラウン.jpg","04chubu"
"04","中部","11","飛騨","07","さるぼぼ","総柄","04_中部_11_飛騨_07_さるぼぼ_総柄.jpg","04chubu"
"04","中部","11","飛騨","08","合掌","総柄","04_中部_11_飛騨_08_合掌_総柄.jpg","04chubu"
"04","中部","11","飛騨","09","みだらし団子","総柄","04_中部_11_飛騨_09_みだらし団子_総柄.jpg","04chubu"
"04","中部","11","飛騨","10","白川郷","グレー","04_中部_11_飛騨_10_白川郷_グレー.jpg","04chubu"
"04","中部","11","飛騨","11","白川郷","ホワイト","04_中部_11_飛騨_11_白川郷_ホワイト.jpg","04chubu"
"04","中部","12","下呂温泉","01","カエル","","04_中部_12_下呂温泉_01_カエル.jpg","04chubu"
"04","中部","13","静岡","01","わさび","","04_中部_13_静岡_01_わさび.jpg","04chubu"
"04","中部","13","静岡","02","桜エビ","","04_中部_13_静岡_02_桜エビ.jpg","04chubu"
"04","中部","13","静岡","03","うなぎ","","04_中部_13_静岡_03_うなぎ.jpg","04chubu"
"04","中部","13","静岡","04","イチゴ","総柄","04_中部_13_静岡_04_イチゴ_総柄.jpg","04chubu"
"04","中部","13","静岡","05","みかん","総柄","04_中部_13_静岡_05_みかん_総柄.jpg","04chubu"
"04","中部","13","静岡","06","お茶","総柄","04_中部_13_静岡_06_お茶_総柄.jpg","04chubu"
"04","中部","13","静岡","07","黒船","","04_中部_13_静岡_07_黒船.jpg","04chubu"
"04","中部","13","静岡","08","金目鯛","","04_中部_13_静岡_08_金目鯛.jpg","04chubu"
"04","中部","13","静岡","09","お茶","","04_中部_13_静岡_09_お茶.jpg","04chubu"
"04","中部","13","静岡","10","みかん","","04_中部_13_静岡_10_みかん.jpg","04chubu"
"04","中部","13","静岡","11","イチゴ","","04_中部_13_静岡_11_イチゴ.jpg","04chubu"
"04","中部","13","静岡","12","おでん","","04_中部_13_静岡_12_おでん.jpg","04chubu"
"04","中部","13","静岡","13","徳川家康","","04_中部_13_静岡_13_徳川家康.jpg","04chubu"
"04","中部","13","静岡","14","茶娘","","04_中部_13_静岡_14_茶娘.jpg","04chubu"
"04","中部","13","静岡","15","うなぎ","ピンク","04_中部_13_静岡_15_うなぎ_ピンク.jpg","04chubu"
"04","中部","13","静岡","16","浜松餃子","","04_中部_13_静岡_16_浜松餃子.jpg","04chubu"
"04","中部","13","静岡","17","金太郎","","04_中部_13_静岡_17_金太郎.jpg","04chubu"
"04","中部","13","静岡","18","かつお","","04_中部_13_静岡_18_かつお.jpg","04chubu"
"04","中部","13","静岡","19","清水次郎長","","04_中部_13_静岡_19_清水次郎長.jpg","04chubu"
"04","中部","13","静岡","20","しらす","","04_中部_13_静岡_20_しらす.jpg","04chubu"
"04","中部","14","熱海","01","あつお","総柄","04_中部_14_熱海_01_あつお_総柄.jpg","04chubu"
"04","中部","14","熱海","02","花火","","04_中部_14_熱海_02_花火.jpg","04chubu"
"04","中部","15","沼津","01","干物","","04_中部_15_沼津_01_干物.jpg","04chubu"
"04","中部","15","沼津","02","干物","総柄","04_中部_15_沼津_02_干物_総柄.jpg","04chubu"
"04","中部","15","沼津","03","深海魚","","04_中部_15_沼津_03_深海魚.jpg","04chubu"
"04","中部","15","沼津","04","十里木温泉","","04_中部_15_沼津_04_十里木温泉.jpg","04chubu"
"04","中部","15","沼津","05","タカアシガニ","総柄","04_中部_15_沼津_05_タカアシガニ_総柄.jpg","04chubu"
"04","中部","15","沼津","06","メンダコ","総柄","04_中部_15_沼津_06_メンダコ_総柄.jpg","04chubu"
"04","中部","16","富士山","01","富士山","","04_中部_16_富士山_01_富士山.jpg","04chubu"
"04","中部","16","富士山","02","富士山","ピンク2","04_中部_16_富士山_02_富士山_ピンク2.jpg","04chubu"
"04","中部","16","富士山","03","富士山","ピンク","04_中部_16_富士山_03_富士山_ピンク.jpg","04chubu"
"04","中部","16","富士山","04","富士山","総柄","04_中部_16_富士山_04_富士山_総柄.jpg","04chubu"
"04","中部","16","富士山","05","富士山","総柄","04_中部_16_富士山_05_富士山_総柄.jpg","04chubu"
"04","中部","16","富士山","06","赤富士","","04_中部_16_富士山_06_赤富士.jpg","04chubu"
"04","中部","16","富士山","07","富士山Ｎ","","04_中部_16_富士山_07_富士山Ｎ.jpg","04chubu"
"04","中部","17","富士急ハイランド","01","富士急ハイランド","","04_中部_17_富士急ハイランド_01_富士急ハイランド.jpg","04chubu"
"04","中部","18","富士スピードウェイ","01","レーサー","","04_中部_18_富士スピードウェイ_01_レーサー.jpg","04chubu"
"04","中部","19","アルプス","01","星空","総柄","04_中部_19_アルプス_01_星空_総柄.jpg","04chubu"
"04","中部","19","アルプス","02","雷鳥","総柄","04_中部_19_アルプス_02_雷鳥_総柄.jpg","04chubu"
"04","中部","19","アルプス","03","雷鳥","","04_中部_19_アルプス_03_雷鳥.jpg","04chubu"
"04","中部","19","アルプス","04","アルプス","","04_中部_19_アルプス_04_アルプス.jpg","04chubu"
"04","中部","20","名古屋","01","金のシャチホコ","","04_中部_20_名古屋_01_金のシャチホコ.jpg","04chubu"
"04","中部","20","名古屋","02","名古屋城","","04_中部_20_名古屋_02_名古屋城.jpg","04chubu"
"04","中部","20","名古屋","03","ういろう","","04_中部_20_名古屋_03_ういろう.jpg","04chubu"
"04","中部","20","名古屋","04","金シャチ","総柄","04_中部_20_名古屋_04_金シャチ_総柄.jpg","04chubu"
"04","中部","20","名古屋","05","名古屋城","L","04_中部_20_名古屋_05_名古屋城_L.jpg","04chubu"
"04","中部","20","名古屋","06","小倉トースト","","04_中部_20_名古屋_06_小倉トースト.jpg","04chubu"
"04","中部","21","ナゴヤドーム","01","ナゴヤドーム","","04_中部_21_ナゴヤドーム_01_ナゴヤドーム.jpg","04chubu"
"04","中部","22","中日ドラゴンズ","01","ドアラ","","04_中部_22_中日ドラゴンズ_01_ドアラ.jpg","04chubu"
"04","中部","22","中日ドラゴンズ","02","CDロゴ","","04_中部_22_中日ドラゴンズ_02_CDロゴ.jpg","04chubu"
"04","中部","22","中日ドラゴンズ","03","ドラゴンズ","L","04_中部_22_中日ドラゴンズ_03_ドラゴンズ_L.jpg","04chubu"
"04","中部","22","中日ドラゴンズ","04","中日ドラゴンズ","でらっくす","04_中部_22_中日ドラゴンズ_04_中日ドラゴンズ_でらっくす.jpg","04chubu"
"04","中部","22","中日ドラゴンズ","05","CDロゴ","ネイビー","04_中部_22_中日ドラゴンズ_05_CDロゴ_ネイビー.jpg","04chubu"
"04","中部","22","中日ドラゴンズ","06","ドラゴンズN","L","04_中部_22_中日ドラゴンズ_06_ドラゴンズN_L.jpg","04chubu"
"04","中部","22","中日ドラゴンズ","07","中日ドラゴンズ","でらっくす_N","04_中部_22_中日ドラゴンズ_07_中日ドラゴンズ_でらっくす_N.jpg","04chubu"
"04","中部","22","中日ドラゴンズ","08","CDロゴ","ピンク","04_中部_22_中日ドラゴンズ_08_CDロゴ_ピンク.jpg","04chubu"
"04","中部","22","中日ドラゴンズ","09","中日ドラゴンズ","ブルー","04_中部_22_中日ドラゴンズ_09_中日ドラゴンズ_ブルー.jpg","04chubu"
"04","中部","22","中日ドラゴンズ","10","中日ドラゴンズ","L","04_中部_22_中日ドラゴンズ_10_中日ドラゴンズ_L.jpg","04chubu"
"04","中部","22","中日ドラゴンズ","11","中日ドラゴンズ","ピンク","04_中部_22_中日ドラゴンズ_11_中日ドラゴンズ_ピンク.jpg","04chubu"
"04","中部","23","三重","01","松坂牛","","04_中部_23_三重_01_松坂牛.jpg","04chubu"
"04","中部","23","三重","02","伊勢海老","","04_中部_23_三重_02_伊勢海老.jpg","04chubu"
"04","中部","23","三重","03","真珠","","04_中部_23_三重_03_真珠.jpg","04chubu"
"04","中部","23","三重","04","伊勢うどん","","04_中部_23_三重_04_伊勢うどん.jpg","04chubu"
"05","近畿","01","滋賀","01","近江牛","","05_近畿_01_滋賀_01_近江牛.jpg","05kinki"
"05","近畿","01","滋賀","02","琵琶湖","","05_近畿_01_滋賀_02_琵琶湖.jpg","05kinki"
"05","近畿","01","滋賀","03","信楽たぬき","","05_近畿_01_滋賀_03_信楽たぬき.jpg","05kinki"
"05","近畿","01","滋賀","04","彦根城","","05_近畿_01_滋賀_04_彦根城.jpg","05kinki"
"05","近畿","02","京都","01","舞妓","","05_近畿_02_京都_01_舞妓.jpg","05kinki"
"05","近畿","02","京都","02","新撰組","","05_近畿_02_京都_02_新撰組.jpg","05kinki"
"05","近畿","02","京都","03","抹茶そふと","","05_近畿_02_京都_03_抹茶そふと.jpg","05kinki"
"05","近畿","02","京都","04","京野菜","総柄","05_近畿_02_京都_04_京野菜_総柄.jpg","05kinki"
"05","近畿","02","京都","05","伏見稲荷","","05_近畿_02_京都_05_伏見稲荷.jpg","05kinki"
"05","近畿","02","京都","06","蔵馬てんぐ","","05_近畿_02_京都_06_蔵馬てんぐ.jpg","05kinki"
"05","近畿","02","京都","07","京都タワー","","05_近畿_02_京都_07_京都タワー.jpg","05kinki"
"05","近畿","02","京都","08","伏見稲荷","総柄","05_近畿_02_京都_08_伏見稲荷_総柄.jpg","05kinki"
"05","近畿","02","京都","09","九条ネギ","","05_近畿_02_京都_09_九条ネギ.jpg","05kinki"
"05","近畿","02","京都","10","水尾のゆず","","05_近畿_02_京都_10_水尾のゆず.jpg","05kinki"
"05","近畿","02","京都","11","京都ハンナリーズ","","05_近畿_02_京都_11_京都ハンナリーズ.jpg","05kinki"
"05","近畿","02","京都","12","新選組（リニューアル）","","05_近畿_02_京都_12_新選組（リニューアル）.jpg","05kinki"
"05","近畿","02","京都","13","八ッ橋","","05_近畿_02_京都_13_八ッ橋.jpg","05kinki"
"05","近畿","02","京都","14","加茂ナス","","05_近畿_02_京都_14_加茂ナス.jpg","05kinki"
"05","近畿","02","京都","15","抹茶そふとN","","05_近畿_02_京都_15_抹茶そふとN.jpg","05kinki"
"05","近畿","02","京都","16","舞妓N","","05_近畿_02_京都_16_舞妓N.jpg","05kinki"
"05","近畿","03","大阪","01","まいど","","05_近畿_03_大阪_01_まいど.jpg","05kinki"
"05","近畿","03","大阪","02","たこ焼き","","05_近畿_03_大阪_02_たこ焼き.jpg","05kinki"
"05","近畿","03","大阪","03","おばちゃん","","05_近畿_03_大阪_03_おばちゃん.jpg","05kinki"
"05","近畿","03","大阪","04","おっちゃん","","05_近畿_03_大阪_04_おっちゃん.jpg","05kinki"
"05","近畿","03","大阪","05","おばちゃん","ピンク","05_近畿_03_大阪_05_おばちゃん_ピンク.jpg","05kinki"
"05","近畿","03","大阪","06","通天閣","","05_近畿_03_大阪_06_通天閣.jpg","05kinki"
"05","近畿","03","大阪","07","たこ焼き","総柄","05_近畿_03_大阪_07_たこ焼き_総柄.jpg","05kinki"
"05","近畿","03","大阪","08","ヒョウ柄","","05_近畿_03_大阪_08_ヒョウ柄.jpg","05kinki"
"05","近畿","03","大阪","09","大阪城","","05_近畿_03_大阪_09_大阪城.jpg","05kinki"
"05","近畿","03","大阪","10","たこ焼き","白","05_近畿_03_大阪_10_たこ焼き_白.jpg","05kinki"
"05","近畿","03","大阪","11","ふぐ","","05_近畿_03_大阪_11_ふぐ.jpg","05kinki"
"05","近畿","03","大阪","12","串かつ","","05_近畿_03_大阪_12_串かつ.jpg","05kinki"
"05","近畿","03","大阪","13","たこ","","05_近畿_03_大阪_13_たこ.jpg","05kinki"
"05","近畿","04","兵庫","01","明石","たこ","05_近畿_04_兵庫_01_明石_たこ.jpg","05kinki"
"05","近畿","05","神戸","01","中華街","","05_近畿_05_神戸_01_中華街.jpg","05kinki"
"05","近畿","05","神戸","02","パンダ","","05_近畿_05_神戸_02_パンダ.jpg","05kinki"
"05","近畿","05","神戸","03","神戸牛","","05_近畿_05_神戸_03_神戸牛.jpg","05kinki"
"05","近畿","05","神戸","04","いかり","総柄","05_近畿_05_神戸_04_いかり_総柄.jpg","05kinki"
"05","近畿","05","神戸","05","金のブタ","","05_近畿_05_神戸_05_金のブタ.jpg","05kinki"
"05","近畿","05","神戸","06","神戸ポートタワー","","05_近畿_05_神戸_06_神戸ポートタワー.jpg","05kinki"
"05","近畿","06","姫路","01","姫路城","","05_近畿_06_姫路_01_姫路城.jpg","05kinki"
"05","近畿","06","姫路","02","殿様","","05_近畿_06_姫路_02_殿様.jpg","05kinki"
"05","近畿","06","姫路","03","しろまるひめ","総柄","05_近畿_06_姫路_03_しろまるひめ_総柄.jpg","05kinki"
"05","近畿","07","城崎","01","城崎温泉カニ","","05_近畿_07_城崎_01_城崎温泉カニ.jpg","05kinki"
"05","近畿","07","城崎","02","城崎温泉","","05_近畿_07_城崎_02_城崎温泉.jpg","05kinki"
"05","近畿","08","但馬","01","コウノトリ","","05_近畿_08_但馬_01_コウノトリ.jpg","05kinki"
"05","近畿","08","但馬","02","出石そば","","05_近畿_08_但馬_02_出石そば.jpg","05kinki"
"05","近畿","09","奈良","01","鹿","","05_近畿_09_奈良_01_鹿.jpg","05kinki"
"05","近畿","09","奈良","02","五重塔","","05_近畿_09_奈良_02_五重塔.jpg","05kinki"
"05","近畿","09","奈良","03","大仏","","05_近畿_09_奈良_03_大仏.jpg","05kinki"
"05","近畿","10","淡路島","01","玉ねぎ","","05_近畿_10_淡路島_01_玉ねぎ.jpg","05kinki"
"06","中国","01","山陰","01","白うさぎ","","06_中国_01_山陰_01_白うさぎ.jpg","06chugoku"
"06","中国","01","山陰","02","勾玉","","06_中国_01_山陰_02_勾玉.jpg","06chugoku"
"06","中国","01","山陰","03","山陰カニ","","06_中国_01_山陰_03_山陰カニ.jpg","06chugoku"
"06","中国","02","鳥取","01","梨","","06_中国_02_鳥取_01_梨.jpg","06chugoku"
"06","中国","02","鳥取","02","鳥取大砂丘","総柄","06_中国_02_鳥取_02_鳥取大砂丘_総柄.jpg","06chugoku"
"06","中国","02","鳥取","03","鳥取大砂丘","ピンクのらくだ","06_中国_02_鳥取_03_鳥取大砂丘_ピンクのらくだ.jpg","06chugoku"
"06","中国","02","鳥取","04","鳥取大砂丘","","06_中国_02_鳥取_04_鳥取大砂丘.jpg","06chugoku"
"06","中国","02","鳥取","05","大山","","06_中国_02_鳥取_05_大山.jpg","06chugoku"
"06","中国","03","島根","01","縁結び","総柄","06_中国_03_島根_01_縁結び_総柄.jpg","06chugoku"
"06","中国","03","島根","02","しまねっこ","総柄","06_中国_03_島根_02_しまねっこ_総柄.jpg","06chugoku"
"06","中国","03","島根","03","松江城","","06_中国_03_島根_03_松江城.jpg","06chugoku"
"06","中国","03","島根","04","縁結び","","06_中国_03_島根_04_縁結び.jpg","06chugoku"
"06","中国","04","岡山","01","桃","","06_中国_04_岡山_01_桃.jpg","06chugoku"
"06","中国","04","岡山","02","桃太郎","","06_中国_04_岡山_02_桃太郎.jpg","06chugoku"
"06","中国","04","岡山","03","もんげ〜","","06_中国_04_岡山_03_もんげ〜.jpg","06chugoku"
"06","中国","04","岡山","04","桃太郎","ブルー","06_中国_04_岡山_04_桃太郎_ブルー.jpg","06chugoku"
"06","中国","04","岡山","05","マスカット","","06_中国_04_岡山_05_マスカット.jpg","06chugoku"
"06","中国","04","岡山","06","倉敷","","06_中国_04_岡山_06_倉敷.jpg","06chugoku"
"06","中国","04","岡山","07","蒜山ジャージー牛","","06_中国_04_岡山_07_蒜山ジャージー牛.jpg","06chugoku"
"06","中国","04","岡山","08","桃太郎","総柄","06_中国_04_岡山_08_桃太郎_総柄.jpg","06chugoku"
"06","中国","04","岡山","09","デニム","","06_中国_04_岡山_09_デニム.jpg","06chugoku"
"06","中国","04","岡山","10","きびだんご","","06_中国_04_岡山_10_きびだんご.jpg","06chugoku"
"06","中国","04","岡山","11","フルーツ","総柄","06_中国_04_岡山_11_フルーツ_総柄.jpg","06chugoku"
"06","中国","05","瀬戸内","01","レモン","","06_中国_05_瀬戸内_01_レモン.jpg","06chugoku"
"06","中国","05","瀬戸内","02","レモン","総柄","06_中国_05_瀬戸内_02_レモン_総柄.jpg","06chugoku"
"06","中国","05","瀬戸内","03","瀬戸大橋","","06_中国_05_瀬戸内_03_瀬戸大橋.jpg","06chugoku"
"06","中国","06","広島","01","好きじゃけぇ","","06_中国_06_広島_01_好きじゃけぇ.jpg","06chugoku"
"06","中国","06","広島","02","好きじゃけぇ","ピンク","06_中国_06_広島_02_好きじゃけぇ_ピンク.jpg","06chugoku"
"06","中国","06","広島","03","ぶちかわいい","","06_中国_06_広島_03_ぶちかわいい.jpg","06chugoku"
"06","中国","06","広島","04","宮島鹿","","06_中国_06_広島_04_宮島鹿.jpg","06chugoku"
"06","中国","06","広島","05","呉","","06_中国_06_広島_05_呉.jpg","06chugoku"
"06","中国","06","広島","06","もみじ饅頭","総柄","06_中国_06_広島_06_もみじ饅頭_総柄.jpg","06chugoku"
"06","中国","06","広島","07","もみじ饅頭","総柄_L","06_中国_06_広島_07_もみじ饅頭_総柄_L.jpg","06chugoku"
"06","中国","06","広島","08","広島焼き","","06_中国_06_広島_08_広島焼き.jpg","06chugoku"
"06","中国","06","広島","09","かき","","06_中国_06_広島_09_かき.jpg","06chugoku"
"06","中国","06","広島","10","折り鶴","総柄","06_中国_06_広島_10_折り鶴_総柄.jpg","06chugoku"
"06","中国","07","広島東洋カープ","01","白","","06_中国_07_広島東洋カープ_01_白.jpg","06chugoku"
"06","中国","07","広島東洋カープ","02","赤","","06_中国_07_広島東洋カープ_02_赤.jpg","06chugoku"
"06","中国","08","山口","01","ふく","ブルー","06_中国_08_山口_01_ふく_ブルー.jpg","06chugoku"
"06","中国","08","山口","02","ふく","ピンク","06_中国_08_山口_02_ふく_ピンク.jpg","06chugoku"
"06","中国","08","山口","03","夏みかん","","06_中国_08_山口_03_夏みかん.jpg","06chugoku"
"06","中国","08","山口","04","ふく","ブルー_総柄","06_中国_08_山口_04_ふく_ブルー_総柄.jpg","06chugoku"
"06","中国","08","山口","05","ふく","ピンク_総柄","06_中国_08_山口_05_ふく_ピンク_総柄.jpg","06chugoku"
"06","中国","08","山口","06","ふく","ブルー_L","06_中国_08_山口_06_ふく_ブルー_L.jpg","06chugoku"
"07","四国","01","四国","01","お遍路","","07_四国_01_四国_01_お遍路.jpg","07shikoku"
"07","四国","02","徳島","01","阿波踊り","","07_四国_02_徳島_01_阿波踊り.jpg","07shikoku"
"07","四国","02","徳島","02","鳴門金時","","07_四国_02_徳島_02_鳴門金時.jpg","07shikoku"
"07","四国","03","香川","01","うどん","","07_四国_03_香川_01_うどん.jpg","07shikoku"
"07","四国","03","香川","02","おいり","総柄","07_四国_03_香川_02_おいり_総柄.jpg","07shikoku"
"07","四国","03","香川","03","うどん","総柄","07_四国_03_香川_03_うどん_総柄.jpg","07shikoku"
"07","四国","03","香川","04","骨付鳥","","07_四国_03_香川_04_骨付鳥.jpg","07shikoku"
"07","四国","03","香川","05","さぬきうどん","","07_四国_03_香川_05_さぬきうどん.jpg","07shikoku"
"07","四国","04","愛媛","01","みかん","","07_四国_04_愛媛_01_みかん.jpg","07shikoku"
"07","四国","04","愛媛","02","ぼっちゃんだんご","","07_四国_04_愛媛_02_ぼっちゃんだんご.jpg","07shikoku"
"07","四国","04","愛媛","03","道後温泉","","07_四国_04_愛媛_03_道後温泉.jpg","07shikoku"
"07","四国","04","愛媛","04","機関車","","07_四国_04_愛媛_04_機関車.jpg","07shikoku"
"07","四国","04","愛媛","05","松山城","","07_四国_04_愛媛_05_松山城.jpg","07shikoku"
"07","四国","05","高知","01","土佐カツオ","","07_四国_05_高知_01_土佐カツオ.jpg","07shikoku"
"07","四国","05","高知","02","よさこい","総柄","07_四国_05_高知_02_よさこい_総柄.jpg","07shikoku"
"07","四国","05","高知","03","坂本龍馬","","07_四国_05_高知_03_坂本龍馬.jpg","07shikoku"
"07","四国","05","高知","04","高知城","","07_四国_05_高知_04_高知城.jpg","07shikoku"
"07","四国","05","高知","05","坂本龍馬（リニューアルデザイン）","","07_四国_05_高知_05_坂本龍馬（リニューアルデザイン）.jpg","07shikoku"
"07","四国","05","高知","06","はりまや橋","","07_四国_05_高知_06_はりまや橋.jpg","07shikoku"
"07","四国","05","高知","07","四万十川","","07_四国_05_高知_07_四万十川.jpg","07shikoku"
"08","九州","01","福岡","01","明太子","","08_九州_01_福岡_01_明太子.jpg","08kyushu"
"08","九州","01","福岡","02","よかろうもん","","08_九州_01_福岡_02_よかろうもん.jpg","08kyushu"
"08","九州","01","福岡","03","博多あまおう","","08_九州_01_福岡_03_博多あまおう.jpg","08kyushu"
"08","九州","01","福岡","04","博多ラーメン","","08_九州_01_福岡_04_博多ラーメン.jpg","08kyushu"
"08","九州","01","福岡","05","太宰府","","08_九州_01_福岡_05_太宰府.jpg","08kyushu"
"08","九州","01","福岡","06","山笠","","08_九州_01_福岡_06_山笠.jpg","08kyushu"
"08","九州","01","福岡","07","にわかせんべい","","08_九州_01_福岡_07_にわかせんべい.jpg","08kyushu"
"08","九州","01","福岡","08","明太子","総柄","08_九州_01_福岡_08_明太子_総柄.jpg","08kyushu"
"08","九州","01","福岡","09","明太子","総柄_黒","08_九州_01_福岡_09_明太子_総柄_黒.jpg","08kyushu"
"08","九州","01","福岡","10","あまおう","総柄","08_九州_01_福岡_10_あまおう_総柄.jpg","08kyushu"
"08","九州","01","福岡","11","太宰府","総柄","08_九州_01_福岡_11_太宰府_総柄.jpg","08kyushu"
"08","九州","01","福岡","12","明太子","","08_九州_01_福岡_12_明太子.jpg","08kyushu"
"08","九州","01","福岡","13","八女茶","","08_九州_01_福岡_13_八女茶.jpg","08kyushu"
"08","九州","01","福岡","14","北九州","","08_九州_01_福岡_14_北九州.jpg","08kyushu"
"08","九州","01","福岡","15","どんたく","","08_九州_01_福岡_15_どんたく.jpg","08kyushu"
"08","九州","01","福岡","16","あまおう","総柄","08_九州_01_福岡_16_あまおう_総柄.jpg","08kyushu"
"08","九州","01","福岡","17","よかろうもん","","08_九州_01_福岡_17_よかろうもん.jpg","08kyushu"
"08","九州","01","福岡","18","明太子","","08_九州_01_福岡_18_明太子.jpg","08kyushu"
"08","九州","01","福岡","19","ぬいぐるみ門司港レトロ","","08_九州_01_福岡_19_ぬいぐるみ門司港レトロ.jpg","08kyushu"
"08","九州","01","福岡","20","焼きカレー","","08_九州_01_福岡_20_焼きカレー.jpg","08kyushu"
"08","九州","01","福岡","21","糸島","","08_九州_01_福岡_21_糸島.jpg","08kyushu"
"08","九州","01","福岡","22","いか造り","","08_九州_01_福岡_22_いか造り.jpg","08kyushu"
"08","九州","01","福岡","23","水炊き","","08_九州_01_福岡_23_水炊き.jpg","08kyushu"
"08","九州","01","福岡","24","ごまさば","","08_九州_01_福岡_24_ごまさば.jpg","08kyushu"
"08","九州","01","福岡","25","うどん","","08_九州_01_福岡_25_うどん.jpg","08kyushu"
"08","九州","01","福岡","26","博多ラーメンN","","08_九州_01_福岡_26_博多ラーメンN.jpg","08kyushu"
"08","九州","02","佐賀","01","むつごろう","","08_九州_02_佐賀_01_むつごろう.jpg","08kyushu"
"08","九州","02","佐賀","02","呼子イカ","","08_九州_02_佐賀_02_呼子イカ.jpg","08kyushu"
"08","九州","02","佐賀","03","バルーン","","08_九州_02_佐賀_03_バルーン.jpg","08kyushu"
"08","九州","02","佐賀","04","はにわ","","08_九州_02_佐賀_04_はにわ.jpg","08kyushu"
"08","九州","02","佐賀","05","呼子イカ","パープル","08_九州_02_佐賀_05_呼子イカ_パープル.jpg","08kyushu"
"08","九州","02","佐賀","06","うれしの茶","","08_九州_02_佐賀_06_うれしの茶.jpg","08kyushu"
"08","九州","03","長崎","01","カステラ","","08_九州_03_長崎_01_カステラ.jpg","08kyushu"
"08","九州","03","長崎","02","くんち","","08_九州_03_長崎_02_くんち.jpg","08kyushu"
"08","九州","03","長崎","03","教会","","08_九州_03_長崎_03_教会.jpg","08kyushu"
"08","九州","03","長崎","04","中華街","","08_九州_03_長崎_04_中華街.jpg","08kyushu"
"08","九州","03","長崎","05","ザビエル","","08_九州_03_長崎_05_ザビエル.jpg","08kyushu"
"08","九州","03","長崎","06","カステラくん","総柄_L","08_九州_03_長崎_06_カステラくん_総柄_L.jpg","08kyushu"
"08","九州","03","長崎","07","尾曲がり猫","","08_九州_03_長崎_07_尾曲がり猫.jpg","08kyushu"
"08","九州","03","長崎","08","眼鏡橋","","08_九州_03_長崎_08_眼鏡橋.jpg","08kyushu"
"08","九州","03","長崎","09","佐世保バーガー","","08_九州_03_長崎_09_佐世保バーガー.jpg","08kyushu"
"08","九州","04","熊本","01","スイカ","","08_九州_04_熊本_01_スイカ.jpg","08kyushu"
"08","九州","04","熊本","02","からし蓮根","","08_九州_04_熊本_02_からし蓮根.jpg","08kyushu"
"08","九州","04","熊本","03","加藤清正","","08_九州_04_熊本_03_加藤清正.jpg","08kyushu"
"08","九州","04","熊本","04","熊本城","","08_九州_04_熊本_04_熊本城.jpg","08kyushu"
"08","九州","05","大分","01","かぼす","","08_九州_05_大分_01_かぼす.jpg","08kyushu"
"08","九州","05","大分","02","温泉","","08_九州_05_大分_02_温泉.jpg","08kyushu"
"08","九州","05","大分","03","赤鬼","","08_九州_05_大分_03_赤鬼.jpg","08kyushu"
"08","九州","05","大分","04","高崎山おさる","","08_九州_05_大分_04_高崎山おさる.jpg","08kyushu"
"08","九州","05","大分","05","黄鬼","総柄","08_九州_05_大分_05_黄鬼_総柄.jpg","08kyushu"
"08","九州","05","大分","06","温泉","総柄","08_九州_05_大分_06_温泉_総柄.jpg","08kyushu"
"08","九州","05","大分","07","かぼす","総柄","08_九州_05_大分_07_かぼす_総柄.jpg","08kyushu"
"08","九州","05","大分","08","湯布院","","08_九州_05_大分_08_湯布院.jpg","08kyushu"
"08","九州","05","大分","09","関さば","","08_九州_05_大分_09_関さば.jpg","08kyushu"
"08","九州","05","大分","10","からあげ","","08_九州_05_大分_10_からあげ.jpg","08kyushu"
"08","九州","05","大分","11","とり天","","08_九州_05_大分_11_とり天.jpg","08kyushu"
"08","九州","05","大分","12","湯布院","","08_九州_05_大分_12_湯布院.jpg","08kyushu"
"08","九州","05","大分","13","麦焼酎","","08_九州_05_大分_13_麦焼酎.jpg","08kyushu"
"08","九州","06","宮崎","01","マンゴー","","08_九州_06_宮崎_01_マンゴー.jpg","08kyushu"
"08","九州","06","宮崎","02","日向夏","","08_九州_06_宮崎_02_日向夏.jpg","08kyushu"
"08","九州","06","宮崎","03","地鶏","","08_九州_06_宮崎_03_地鶏.jpg","08kyushu"
"08","九州","06","宮崎","04","牛","","08_九州_06_宮崎_04_牛.jpg","08kyushu"
"08","九州","06","宮崎","05","辛麺","","08_九州_06_宮崎_05_辛麺.jpg","08kyushu"
"08","九州","06","宮崎","06","モアイ","","08_九州_06_宮崎_06_モアイ.jpg","08kyushu"
"08","九州","06","宮崎","07","高千穂","","08_九州_06_宮崎_07_高千穂.jpg","08kyushu"
"08","九州","06","宮崎","08","ひょっとこ","","08_九州_06_宮崎_08_ひょっとこ.jpg","08kyushu"
"08","九州","06","宮崎","09","炭火焼き","","08_九州_06_宮崎_09_炭火焼き.jpg","08kyushu"
"08","九州","07","鹿児島","01","紅さつまいも","","08_九州_07_鹿児島_01_紅さつまいも.jpg","08kyushu"
"08","九州","07","鹿児島","02","桜島","","08_九州_07_鹿児島_02_桜島.jpg","08kyushu"
"08","九州","07","鹿児島","03","桜島","ピンク","08_九州_07_鹿児島_03_桜島_ピンク.jpg","08kyushu"
"08","九州","07","鹿児島","04","黒ぶた","","08_九州_07_鹿児島_04_黒ぶた.jpg","08kyushu"
"08","九州","07","鹿児島","05","しろくま","","08_九州_07_鹿児島_05_しろくま.jpg","08kyushu"
"08","九州","07","鹿児島","06","芋焼酎","","08_九州_07_鹿児島_06_芋焼酎.jpg","08kyushu"
"08","九州","07","鹿児島","07","安納芋","","08_九州_07_鹿児島_07_安納芋.jpg","08kyushu"
"08","九州","07","鹿児島","08","西郷どん","","08_九州_07_鹿児島_08_西郷どん.jpg","08kyushu"
"08","九州","07","鹿児島","09","紫いも","","08_九州_07_鹿児島_09_紫いも.jpg","08kyushu"
"08","九州","07","鹿児島","10","黒ぶた","総柄","08_九州_07_鹿児島_10_黒ぶた_総柄.jpg","08kyushu"
"08","九州","07","鹿児島","11","しろくま","総柄","08_九州_07_鹿児島_11_しろくま_総柄.jpg","08kyushu"
"08","九州","07","鹿児島","12","黒ぶた","総柄_L","08_九州_07_鹿児島_12_黒ぶた_総柄_L.jpg","08kyushu"
"08","九州","07","鹿児島","13","しろくま","総柄_L","08_九州_07_鹿児島_13_しろくま_総柄_L.jpg","08kyushu"
"08","九州","07","鹿児島","14","大島紬","","08_九州_07_鹿児島_14_大島紬.jpg","08kyushu"
"08","九州","07","鹿児島","15","ヤクシカ","","08_九州_07_鹿児島_15_ヤクシカ.jpg","08kyushu"
"08","九州","07","鹿児島","16","黒うさぎ","","08_九州_07_鹿児島_16_黒うさぎ.jpg","08kyushu"
"08","九州","07","鹿児島","17","さつま犬","ツン","08_九州_07_鹿児島_17_さつま犬_ツン.jpg","08kyushu"
"08","九州","07","鹿児島","18","鶏飯","","08_九州_07_鹿児島_18_鶏飯.jpg","08kyushu"
"09","沖縄","01","沖縄","01","シーサー","","09_沖縄_01_沖縄_01_シーサー.jpg","09okinawa"
"09","沖縄","01","沖縄","02","パイン","","09_沖縄_01_沖縄_02_パイン.jpg","09okinawa"
"09","沖縄","01","沖縄","03","ゴーヤー","","09_沖縄_01_沖縄_03_ゴーヤー.jpg","09okinawa"
"09","沖縄","01","沖縄","04","ハイビスカス","","09_沖縄_01_沖縄_04_ハイビスカス.jpg","09okinawa"
"09","沖縄","01","沖縄","05","紅芋","","09_沖縄_01_沖縄_05_紅芋.jpg","09okinawa"
"09","沖縄","01","沖縄","06","ジンベイザメ","","09_沖縄_01_沖縄_06_ジンベイザメ.jpg","09okinawa"
"09","沖縄","01","沖縄","07","パイン","総柄","09_沖縄_01_沖縄_07_パイン_総柄.jpg","09okinawa"
"09","沖縄","01","沖縄","08","ゴーヤー","総柄","09_沖縄_01_沖縄_08_ゴーヤー_総柄.jpg","09okinawa"
"09","沖縄","01","沖縄","09","パイン","総柄_L","09_沖縄_01_沖縄_09_パイン_総柄_L.jpg","09okinawa"
"09","沖縄","01","沖縄","10","ゴーヤー","総柄_L","09_沖縄_01_沖縄_10_ゴーヤー_総柄_L.jpg","09okinawa"
"09","沖縄","01","沖縄","11","ハブ","","09_沖縄_01_沖縄_11_ハブ.jpg","09okinawa"
"09","沖縄","01","沖縄","12","あぐー豚","","09_沖縄_01_沖縄_12_あぐー豚.jpg","09okinawa"
"09","沖縄","01","沖縄","13","紅芋タルト","","09_沖縄_01_沖縄_13_紅芋タルト.jpg","09okinawa"
"09","沖縄","01","沖縄","14","総柄ハイビスカス","","09_沖縄_01_沖縄_14_総柄ハイビスカス.jpg","09okinawa"
"09","沖縄","01","沖縄","15","ヤンバルクイナ","","09_沖縄_01_沖縄_15_ヤンバルクイナ.jpg","09okinawa"
"09","沖縄","01","沖縄","16","シーサーN","","09_沖縄_01_沖縄_16_シーサーN.jpg","09okinawa"
"09","沖縄","01","沖縄","17","パインN","","09_沖縄_01_沖縄_17_パインN.jpg","09okinawa"
"09","沖縄","01","沖縄","18","ゴーヤN","","09_沖縄_01_沖縄_18_ゴーヤN.jpg","09okinawa"
"09","沖縄","02","石垣島","01","牛","","09_沖縄_02_石垣島_01_牛.jpg","09okinawa"
"09","沖縄","02","石垣島","02","星","総柄_L","09_沖縄_02_石垣島_02_星_総柄_L.jpg","09okinawa"
"09","沖縄","02","石垣島","03","水牛","","09_沖縄_02_石垣島_03_水牛.jpg","09okinawa"
"09","沖縄","02","石垣島","04","シーサー","ピンク","09_沖縄_02_石垣島_04_シーサー_ピンク.jpg","09okinawa"
"09","沖縄","02","石垣島","05","シーサー","ブルー","09_沖縄_02_石垣島_05_シーサー_ブルー.jpg","09okinawa"
"09","沖縄","02","石垣島","06","島とうがらし","","09_沖縄_02_石垣島_06_島とうがらし.jpg","09okinawa"
"09","沖縄","03","宮古島","01","うずまきパン","総柄","09_沖縄_03_宮古島_01_うずまきパン_総柄.jpg","09okinawa"
"09","沖縄","03","宮古島","02","お魚","総柄","09_沖縄_03_宮古島_02_お魚_総柄.jpg","09okinawa"
"09","沖縄","03","宮古島","03","伊良部大橋","","09_沖縄_03_宮古島_03_伊良部大橋.jpg","09okinawa"
"09","沖縄","03","宮古島","04","さんご","総柄_L","09_沖縄_03_宮古島_04_さんご_総柄_L.jpg","09okinawa"
"09","沖縄","03","宮古島","05","んみゃーち","","09_沖縄_03_宮古島_05_んみゃーち.jpg","09okinawa"
"09","沖縄","03","宮古島","06","マンゴー","","09_沖縄_03_宮古島_06_マンゴー.jpg","09okinawa"
"09","沖縄","03","宮古島","07","ヤギ","","09_沖縄_03_宮古島_07_ヤギ.jpg","09okinawa"
"09","沖縄","03","宮古島","08","パーントゥ","","09_沖縄_03_宮古島_08_パーントゥ.jpg","09okinawa"
"09","沖縄","04","八重山","01","イリオモテヤマネコ","","09_沖縄_04_八重山_01_イリオモテヤマネコ.jpg","09okinawa"
"09","沖縄","04","八重山","02","ミンサー柄","エメラルドグリーン","09_沖縄_04_八重山_02_ミンサー柄_エメラルドグリーン.jpg","09okinawa"
"09","沖縄","04","八重山","03","ミンサー柄","ピンク","09_沖縄_04_八重山_03_ミンサー柄_ピンク.jpg","09okinawa"
"10","スポーツ","01","スポーツ","01","テニス部","","10_スポーツ_01_スポーツ_01_テニス部.jpg","10sports"
"10","スポーツ","01","スポーツ","02","ラグビー部","","10_スポーツ_01_スポーツ_02_ラグビー部.jpg","10sports"
"10","スポーツ","01","スポーツ","03","バレー部","","10_スポーツ_01_スポーツ_03_バレー部.jpg","10sports"
"10","スポーツ","01","スポーツ","04","バスケ部","","10_スポーツ_01_スポーツ_04_バスケ部.jpg","10sports"
"10","スポーツ","01","スポーツ","05","サッカー部","","10_スポーツ_01_スポーツ_05_サッカー部.jpg","10sports"
"10","スポーツ","01","スポーツ","06","野球部","","10_スポーツ_01_スポーツ_06_野球部.jpg","10sports"
"11","水族館","01","水族館","01","イルカ","","11_水族館_01_水族館_01_イルカ.jpg","11suizokukan"
"11","水族館","01","水族館","02","アザラシ","","11_水族館_01_水族館_02_アザラシ.jpg","11suizokukan"
"11","水族館","01","水族館","03","ペンギン","","11_水族館_01_水族館_03_ペンギン.jpg","11suizokukan"
"11","水族館","01","水族館","04","ニシキアナゴ","","11_水族館_01_水族館_04_ニシキアナゴ.jpg","11suizokukan"
"11","水族館","01","水族館","05","イルカ2","","11_水族館_01_水族館_05_イルカ2.jpg","11suizokukan"
"11","水族館","01","水族館","06","カワウソ2","","11_水族館_01_水族館_06_カワウソ2.jpg","11suizokukan"
"11","水族館","01","水族館","07","ペンギン2","","11_水族館_01_水族館_07_ペンギン2.jpg","11suizokukan"
"11","水族館","01","水族館","08","アザラシ2","","11_水族館_01_水族館_08_アザラシ2.jpg","11suizokukan"
"11","水族館","01","水族館","09","ギンブナ2","","11_水族館_01_水族館_09_ギンブナ2.jpg","11suizokukan"
"11","水族館","01","水族館","10","クラゲ2","","11_水族館_01_水族館_10_クラゲ2.jpg","11suizokukan"
"11","水族館","01","水族館","11","ジンベエザメ2","","11_水族館_01_水族館_11_ジンベエザメ2.jpg","11suizokukan"
"11","水族館","01","水族館","12","シロワニ2","","11_水族館_01_水族館_12_シロワニ2.jpg","11suizokukan"
"11","水族館","01","水族館","13","アカクラゲ2","","11_水族館_01_水族館_13_アカクラゲ2.jpg","11suizokukan"
"11","水族館","01","水族館","14","ラッコ2","","11_水族館_01_水族館_14_ラッコ2.jpg","11suizokukan"
"12","季節","01","春","01","さくら","","12_季節_01_春_01_さくら.jpg","12kisetsu"
"12","季節","01","春","02","さくら","総柄","12_季節_01_春_02_さくら_総柄.jpg","12kisetsu"
"12","季節","02","夏","01","かき氷","","12_季節_02_夏_01_かき氷.jpg","12kisetsu"
"12","季節","02","夏","02","お祭","","12_季節_02_夏_02_お祭.jpg","12kisetsu"
"12","季節","02","夏","03","花火","総柄","12_季節_02_夏_03_花火_総柄.jpg","12kisetsu"
"12","季節","02","夏","04","ひまわり","総柄","12_季節_02_夏_04_ひまわり_総柄.jpg","12kisetsu"
"12","季節","03","ウィンター","01","雪だるま","","12_季節_03_ウィンター_01_雪だるま.jpg","12kisetsu"
"12","季節","03","ウィンター","02","雪","","12_季節_03_ウィンター_02_雪.jpg","12kisetsu"
"12","季節","03","ウィンター","03","雪だるま2","","12_季節_03_ウィンター_03_雪だるま2.jpg","12kisetsu"
"12","季節","03","ウィンター","04","ニット帽","","12_季節_03_ウィンター_04_ニット帽.jpg","12kisetsu"
"12","季節","03","ウィンター","05","ノルディック","","12_季節_03_ウィンター_05_ノルディック.jpg","12kisetsu"
"12","季節","03","ウィンター","06","雪うさぎ","","12_季節_03_ウィンター_06_雪うさぎ.jpg","12kisetsu"
"12","季節","03","ウィンター","07","雪だるま","総柄","12_季節_03_ウィンター_07_雪だるま_総柄.jpg","12kisetsu"
"12","季節","03","ウィンター","08","雪の妖精","","12_季節_03_ウィンター_08_雪の妖精.jpg","12kisetsu"
"12","季節","03","ウィンター","09","雪だるま3","","12_季節_03_ウィンター_09_雪だるま3.jpg","12kisetsu"
"12","季節","03","ウィンター","10","スノー","","12_季節_03_ウィンター_10_スノー.jpg","12kisetsu"
"12","季節","03","ウィンター","11","イヤーマフ","","12_季節_03_ウィンター_11_イヤーマフ.jpg","12kisetsu"
"12","季節","03","ウィンター","12","スノーマン","","12_季節_03_ウィンター_12_スノーマン.jpg","12kisetsu"
"12","季節","03","ウィンター","13","トナカイ","","12_季節_03_ウィンター_13_トナカイ.jpg","12kisetsu"
"12","季節","03","ウィンター","14","マフラー","","12_季節_03_ウィンター_14_マフラー.jpg","12kisetsu"
"12","季節","03","ウィンター","15","雪の結晶","","12_季節_03_ウィンター_15_雪の結晶.jpg","12kisetsu"
"12","季節","04","その他","01","ピンク","","12_季節_04_その他_01_ピンク.jpg","12kisetsu"
"12","季節","04","その他","02","ブルー","","12_季節_04_その他_02_ブルー.jpg","12kisetsu"
"12","季節","04","その他","03","無事カエル","総柄","12_季節_04_その他_03_無事カエル_総柄.jpg","12kisetsu"
"12","季節","04","その他","04","無事カエル","","12_季節_04_その他_04_無事カエル.jpg","12kisetsu"